method,path,family,side,wire_version,feature_id,feature_state,applicable,error_codes,evidence_ref
DELETE,/slimapi/session/{session_id},directory_consumption_400,actual,none,NONE,none,1,invalid_directory_selector|directory_conflict|directory_header_retired,src/oc_slimapi/selector.py:641-704
DELETE,/slimapi/session/{session_id},directory_consumption_400,contract,none,NONE,none,1,invalid_directory_selector|directory_conflict|directory_header_retired,v3:§5|v4:§5
DELETE,/slimapi/session/{session_id},middleware_generic,actual,none,NONE,none,0,NONE,src/oc_slimapi/middleware/request_id.py|middleware/traffic_accounting.py
DELETE,/slimapi/session/{session_id},middleware_generic,contract,none,NONE,none,0,NONE,src/oc_slimapi/middleware/request_id.py|middleware/traffic_accounting.py
DELETE,/slimapi/session/{session_id},selector_version_400,actual,none,NONE,none,1,unsupported_version|invalid_version_selector,src/oc_slimapi/selector.py:549-636
DELETE,/slimapi/session/{session_id},selector_version_400,contract,none,NONE,none,1,unsupported_version|invalid_version_selector,v3:§2|v4:§2
GET,/slimapi/actions,directory_consumption_400,actual,none,NONE,none,0,NONE,src/oc_slimapi/selector.py:656-660
GET,/slimapi/actions,directory_consumption_400,contract,none,NONE,none,0,NONE,v3:§5(宽容集)
GET,/slimapi/actions,middleware_generic,actual,none,NONE,none,0,NONE,src/oc_slimapi/middleware/request_id.py|middleware/traffic_accounting.py
GET,/slimapi/actions,middleware_generic,contract,none,NONE,none,0,NONE,src/oc_slimapi/middleware/request_id.py|middleware/traffic_accounting.py
GET,/slimapi/actions,selector_version_400,actual,none,NONE,none,1,unsupported_version|invalid_version_selector,src/oc_slimapi/selector.py:549-636
GET,/slimapi/actions,selector_version_400,contract,none,NONE,none,1,unsupported_version|invalid_version_selector,v3:§2|v4:§2
GET,/slimapi/agent,directory_consumption_400,actual,none,NONE,none,1,invalid_directory_selector|directory_conflict|directory_header_retired,src/oc_slimapi/selector.py:641-704
GET,/slimapi/agent,directory_consumption_400,contract,none,NONE,none,1,invalid_directory_selector|directory_conflict|directory_header_retired,v3:§5|v4:§5
GET,/slimapi/agent,middleware_generic,actual,none,NONE,none,0,NONE,src/oc_slimapi/middleware/request_id.py|middleware/traffic_accounting.py
GET,/slimapi/agent,middleware_generic,contract,none,NONE,none,0,NONE,src/oc_slimapi/middleware/request_id.py|middleware/traffic_accounting.py
GET,/slimapi/agent,selector_version_400,actual,none,NONE,none,1,unsupported_version|invalid_version_selector,src/oc_slimapi/selector.py:549-636
GET,/slimapi/agent,selector_version_400,contract,none,NONE,none,1,unsupported_version|invalid_version_selector,v3:§2|v4:§2
GET,/slimapi/api/session/active,directory_consumption_400,actual,none,NONE,none,0,NONE,src/oc_slimapi/selector.py:656-660
GET,/slimapi/api/session/active,directory_consumption_400,contract,none,NONE,none,0,NONE,v3:§5(宽容集)
GET,/slimapi/api/session/active,middleware_generic,actual,none,NONE,none,0,NONE,src/oc_slimapi/middleware/request_id.py|middleware/traffic_accounting.py
GET,/slimapi/api/session/active,middleware_generic,contract,none,NONE,none,0,NONE,src/oc_slimapi/middleware/request_id.py|middleware/traffic_accounting.py
GET,/slimapi/api/session/active,selector_version_400,actual,none,NONE,none,1,unsupported_version|invalid_version_selector,src/oc_slimapi/selector.py:549-636
GET,/slimapi/api/session/active,selector_version_400,contract,none,NONE,none,1,unsupported_version|invalid_version_selector,v3:§2|v4:§2
GET,/slimapi/command,directory_consumption_400,actual,none,NONE,none,1,invalid_directory_selector|directory_conflict|directory_header_retired,src/oc_slimapi/selector.py:641-704
GET,/slimapi/command,directory_consumption_400,contract,none,NONE,none,1,invalid_directory_selector|directory_conflict|directory_header_retired,v3:§5|v4:§5
GET,/slimapi/command,middleware_generic,actual,none,NONE,none,0,NONE,src/oc_slimapi/middleware/request_id.py|middleware/traffic_accounting.py
GET,/slimapi/command,middleware_generic,contract,none,NONE,none,0,NONE,src/oc_slimapi/middleware/request_id.py|middleware/traffic_accounting.py
GET,/slimapi/command,selector_version_400,actual,none,NONE,none,1,unsupported_version|invalid_version_selector,src/oc_slimapi/selector.py:549-636
GET,/slimapi/command,selector_version_400,contract,none,NONE,none,1,unsupported_version|invalid_version_selector,v3:§2|v4:§2
GET,/slimapi/config/providers,directory_consumption_400,actual,none,NONE,none,1,invalid_directory_selector|directory_conflict|directory_header_retired,src/oc_slimapi/selector.py:641-704
GET,/slimapi/config/providers,directory_consumption_400,contract,none,NONE,none,1,invalid_directory_selector|directory_conflict|directory_header_retired,v3:§5|v4:§5
GET,/slimapi/config/providers,middleware_generic,actual,none,NONE,none,0,NONE,src/oc_slimapi/middleware/request_id.py|middleware/traffic_accounting.py
GET,/slimapi/config/providers,middleware_generic,contract,none,NONE,none,0,NONE,src/oc_slimapi/middleware/request_id.py|middleware/traffic_accounting.py
GET,/slimapi/config/providers,selector_version_400,actual,none,NONE,none,1,unsupported_version|invalid_version_selector,src/oc_slimapi/selector.py:549-636
GET,/slimapi/config/providers,selector_version_400,contract,none,NONE,none,1,unsupported_version|invalid_version_selector,v3:§2|v4:§2
GET,/slimapi/directories,directory_consumption_400,actual,none,NONE,none,0,NONE,src/oc_slimapi/selector.py:656-660
GET,/slimapi/directories,directory_consumption_400,contract,none,NONE,none,0,NONE,v3:§5(宽容集)
GET,/slimapi/directories,middleware_generic,actual,none,NONE,none,0,NONE,src/oc_slimapi/middleware/request_id.py|middleware/traffic_accounting.py
GET,/slimapi/directories,middleware_generic,contract,none,NONE,none,0,NONE,src/oc_slimapi/middleware/request_id.py|middleware/traffic_accounting.py
GET,/slimapi/directories,selector_version_400,actual,none,NONE,none,1,unsupported_version|invalid_version_selector,src/oc_slimapi/selector.py:549-636
GET,/slimapi/directories,selector_version_400,contract,none,NONE,none,1,unsupported_version|invalid_version_selector,v3:§2|v4:§2
GET,/slimapi/events,directory_consumption_400,actual,none,NONE,none,0,NONE,src/oc_slimapi/selector.py:656-660
GET,/slimapi/events,directory_consumption_400,contract,none,NONE,none,0,NONE,v3:§5(宽容集)
GET,/slimapi/events,middleware_generic,actual,none,NONE,none,0,NONE,src/oc_slimapi/middleware/request_id.py|middleware/traffic_accounting.py
GET,/slimapi/events,middleware_generic,contract,none,NONE,none,0,NONE,src/oc_slimapi/middleware/request_id.py|middleware/traffic_accounting.py
GET,/slimapi/events,selector_version_400,actual,none,NONE,none,1,unsupported_version|invalid_version_selector,src/oc_slimapi/selector.py:549-636
GET,/slimapi/events,selector_version_400,contract,none,NONE,none,1,unsupported_version|invalid_version_selector,v3:§2|v4:§2
GET,/slimapi/events,t3_admission_503,actual,none,NONE,none,1,sse_subscriber_limit_directory|sse_subscriber_limit_total,src/oc_slimapi/sse/registry.py:213-228|routes/events.py:133-139
GET,/slimapi/events,t3_admission_503,contract,none,NONE,none,1,sse_subscriber_limit_directory|sse_subscriber_limit_total,v3:§7|v4:§7
GET,/slimapi/file,directory_consumption_400,actual,none,NONE,none,1,invalid_directory_selector|directory_conflict|directory_header_retired,src/oc_slimapi/selector.py:641-704
GET,/slimapi/file,directory_consumption_400,contract,none,NONE,none,1,invalid_directory_selector|directory_conflict|directory_header_retired,v3:§5|v4:§5
GET,/slimapi/file,middleware_generic,actual,none,NONE,none,0,NONE,src/oc_slimapi/middleware/request_id.py|middleware/traffic_accounting.py
GET,/slimapi/file,middleware_generic,contract,none,NONE,none,0,NONE,src/oc_slimapi/middleware/request_id.py|middleware/traffic_accounting.py
GET,/slimapi/file,selector_version_400,actual,none,NONE,none,1,unsupported_version|invalid_version_selector,src/oc_slimapi/selector.py:549-636
GET,/slimapi/file,selector_version_400,contract,none,NONE,none,1,unsupported_version|invalid_version_selector,v3:§2|v4:§2
GET,/slimapi/file/content,directory_consumption_400,actual,none,NONE,none,1,invalid_directory_selector|directory_conflict|directory_header_retired,src/oc_slimapi/selector.py:641-704
GET,/slimapi/file/content,directory_consumption_400,contract,none,NONE,none,1,invalid_directory_selector|directory_conflict|directory_header_retired,v3:§5|v4:§5
GET,/slimapi/file/content,middleware_generic,actual,none,NONE,none,0,NONE,src/oc_slimapi/middleware/request_id.py|middleware/traffic_accounting.py
GET,/slimapi/file/content,middleware_generic,contract,none,NONE,none,0,NONE,src/oc_slimapi/middleware/request_id.py|middleware/traffic_accounting.py
GET,/slimapi/file/content,selector_version_400,actual,none,NONE,none,1,unsupported_version|invalid_version_selector,src/oc_slimapi/selector.py:549-636
GET,/slimapi/file/content,selector_version_400,contract,none,NONE,none,1,unsupported_version|invalid_version_selector,v3:§2|v4:§2
GET,/slimapi/file/status,directory_consumption_400,actual,none,NONE,none,1,invalid_directory_selector|directory_conflict|directory_header_retired,src/oc_slimapi/selector.py:641-704
GET,/slimapi/file/status,directory_consumption_400,contract,none,NONE,none,1,invalid_directory_selector|directory_conflict|directory_header_retired,v3:§5|v4:§5
GET,/slimapi/file/status,middleware_generic,actual,none,NONE,none,0,NONE,src/oc_slimapi/middleware/request_id.py|middleware/traffic_accounting.py
GET,/slimapi/file/status,middleware_generic,contract,none,NONE,none,0,NONE,src/oc_slimapi/middleware/request_id.py|middleware/traffic_accounting.py
GET,/slimapi/file/status,selector_version_400,actual,none,NONE,none,1,unsupported_version|invalid_version_selector,src/oc_slimapi/selector.py:549-636
GET,/slimapi/file/status,selector_version_400,contract,none,NONE,none,1,unsupported_version|invalid_version_selector,v3:§2|v4:§2
GET,/slimapi/find/file,directory_consumption_400,actual,none,NONE,none,1,invalid_directory_selector|directory_conflict|directory_header_retired,src/oc_slimapi/selector.py:641-704
GET,/slimapi/find/file,directory_consumption_400,contract,none,NONE,none,1,invalid_directory_selector|directory_conflict|directory_header_retired,v3:§5|v4:§5
GET,/slimapi/find/file,middleware_generic,actual,none,NONE,none,0,NONE,src/oc_slimapi/middleware/request_id.py|middleware/traffic_accounting.py
GET,/slimapi/find/file,middleware_generic,contract,none,NONE,none,0,NONE,src/oc_slimapi/middleware/request_id.py|middleware/traffic_accounting.py
GET,/slimapi/find/file,selector_version_400,actual,none,NONE,none,1,unsupported_version|invalid_version_selector,src/oc_slimapi/selector.py:549-636
GET,/slimapi/find/file,selector_version_400,contract,none,NONE,none,1,unsupported_version|invalid_version_selector,v3:§2|v4:§2
GET,/slimapi/global/health,directory_consumption_400,actual,none,NONE,none,0,NONE,src/oc_slimapi/selector.py:656-660
GET,/slimapi/global/health,directory_consumption_400,contract,none,NONE,none,0,NONE,v3:§5(宽容集)
GET,/slimapi/global/health,middleware_generic,actual,none,NONE,none,0,NONE,src/oc_slimapi/middleware/request_id.py|middleware/traffic_accounting.py
GET,/slimapi/global/health,middleware_generic,contract,none,NONE,none,0,NONE,src/oc_slimapi/middleware/request_id.py|middleware/traffic_accounting.py
GET,/slimapi/global/health,selector_version_400,actual,none,NONE,none,1,unsupported_version|invalid_version_selector,src/oc_slimapi/selector.py:549-636
GET,/slimapi/global/health,selector_version_400,contract,none,NONE,none,1,unsupported_version|invalid_version_selector,v3:§2|v4:§2
GET,/slimapi/health,directory_consumption_400,actual,none,NONE,none,0,NONE,src/oc_slimapi/selector.py:656-660
GET,/slimapi/health,directory_consumption_400,contract,none,NONE,none,0,NONE,v3:§5(宽容集)
GET,/slimapi/health,middleware_generic,actual,none,NONE,none,0,NONE,src/oc_slimapi/middleware/request_id.py|middleware/traffic_accounting.py
GET,/slimapi/health,middleware_generic,contract,none,NONE,none,0,NONE,src/oc_slimapi/middleware/request_id.py|middleware/traffic_accounting.py
GET,/slimapi/health,selector_version_400,actual,none,NONE,none,1,unsupported_version|invalid_version_selector,src/oc_slimapi/selector.py:549-636
GET,/slimapi/health,selector_version_400,contract,none,NONE,none,1,unsupported_version|invalid_version_selector,v3:§2|v4:§2
GET,/slimapi/messages/{sid},directory_consumption_400,actual,none,NONE,none,1,invalid_directory_selector,src/oc_slimapi/selector.py:681|routes 层 directory_not_allowed(400)
GET,/slimapi/messages/{sid},directory_consumption_400,contract,none,NONE,none,1,invalid_directory_selector,v3:§5|v4:§5
GET,/slimapi/messages/{sid},middleware_generic,actual,none,NONE,none,0,NONE,src/oc_slimapi/middleware/request_id.py|middleware/traffic_accounting.py
GET,/slimapi/messages/{sid},middleware_generic,contract,none,NONE,none,0,NONE,src/oc_slimapi/middleware/request_id.py|middleware/traffic_accounting.py
GET,/slimapi/messages/{sid},selector_version_400,actual,none,NONE,none,1,unsupported_version|invalid_version_selector,src/oc_slimapi/selector.py:549-636
GET,/slimapi/messages/{sid},selector_version_400,contract,none,NONE,none,1,unsupported_version|invalid_version_selector,v3:§2|v4:§2
GET,/slimapi/messages/{sid}/expand/{category}/{mid},directory_consumption_400,actual,none,NONE,none,1,invalid_directory_selector,src/oc_slimapi/selector.py:681|routes 层 directory_not_allowed(400)
GET,/slimapi/messages/{sid}/expand/{category}/{mid},directory_consumption_400,contract,none,NONE,none,1,invalid_directory_selector,v3:§5|v4:§5
GET,/slimapi/messages/{sid}/expand/{category}/{mid},middleware_generic,actual,none,NONE,none,0,NONE,src/oc_slimapi/middleware/request_id.py|middleware/traffic_accounting.py
GET,/slimapi/messages/{sid}/expand/{category}/{mid},middleware_generic,contract,none,NONE,none,0,NONE,src/oc_slimapi/middleware/request_id.py|middleware/traffic_accounting.py
GET,/slimapi/messages/{sid}/expand/{category}/{mid},selector_version_400,actual,none,NONE,none,1,unsupported_version|invalid_version_selector,src/oc_slimapi/selector.py:549-636
GET,/slimapi/messages/{sid}/expand/{category}/{mid},selector_version_400,contract,none,NONE,none,1,unsupported_version|invalid_version_selector,v3:§2|v4:§2
GET,/slimapi/messages/{sid}/expand/{category}/{mid}/{partID},directory_consumption_400,actual,none,NONE,none,1,invalid_directory_selector,src/oc_slimapi/selector.py:681|routes 层 directory_not_allowed(400)
GET,/slimapi/messages/{sid}/expand/{category}/{mid}/{partID},directory_consumption_400,contract,none,NONE,none,1,invalid_directory_selector,v3:§5|v4:§5
GET,/slimapi/messages/{sid}/expand/{category}/{mid}/{partID},middleware_generic,actual,none,NONE,none,0,NONE,src/oc_slimapi/middleware/request_id.py|middleware/traffic_accounting.py
GET,/slimapi/messages/{sid}/expand/{category}/{mid}/{partID},middleware_generic,contract,none,NONE,none,0,NONE,src/oc_slimapi/middleware/request_id.py|middleware/traffic_accounting.py
GET,/slimapi/messages/{sid}/expand/{category}/{mid}/{partID},selector_version_400,actual,none,NONE,none,1,unsupported_version|invalid_version_selector,src/oc_slimapi/selector.py:549-636
GET,/slimapi/messages/{sid}/expand/{category}/{mid}/{partID},selector_version_400,contract,none,NONE,none,1,unsupported_version|invalid_version_selector,v3:§2|v4:§2
GET,/slimapi/messages/{sid}/full/{mid},directory_consumption_400,actual,none,NONE,none,1,invalid_directory_selector,src/oc_slimapi/selector.py:681|routes 层 directory_not_allowed(400)
GET,/slimapi/messages/{sid}/full/{mid},directory_consumption_400,contract,none,NONE,none,1,invalid_directory_selector,v3:§5|v4:§5
GET,/slimapi/messages/{sid}/full/{mid},middleware_generic,actual,none,NONE,none,0,NONE,src/oc_slimapi/middleware/request_id.py|middleware/traffic_accounting.py
GET,/slimapi/messages/{sid}/full/{mid},middleware_generic,contract,none,NONE,none,0,NONE,src/oc_slimapi/middleware/request_id.py|middleware/traffic_accounting.py
GET,/slimapi/messages/{sid}/full/{mid},selector_version_400,actual,none,NONE,none,1,unsupported_version|invalid_version_selector,src/oc_slimapi/selector.py:549-636
GET,/slimapi/messages/{sid}/full/{mid},selector_version_400,contract,none,NONE,none,1,unsupported_version|invalid_version_selector,v3:§2|v4:§2
GET,/slimapi/metrics,directory_consumption_400,actual,none,NONE,none,0,NONE,src/oc_slimapi/selector.py:656-660
GET,/slimapi/metrics,directory_consumption_400,contract,none,NONE,none,0,NONE,v3:§5(宽容集)
GET,/slimapi/metrics,middleware_generic,actual,none,NONE,none,0,NONE,src/oc_slimapi/middleware/request_id.py|middleware/traffic_accounting.py
GET,/slimapi/metrics,middleware_generic,contract,none,NONE,none,0,NONE,src/oc_slimapi/middleware/request_id.py|middleware/traffic_accounting.py
GET,/slimapi/metrics,selector_version_400,actual,none,NONE,none,1,unsupported_version|invalid_version_selector,src/oc_slimapi/selector.py:549-636
GET,/slimapi/metrics,selector_version_400,contract,none,NONE,none,1,unsupported_version|invalid_version_selector,v3:§2|v4:§2
GET,/slimapi/permissions,directory_consumption_400,actual,none,NONE,none,0,NONE,src/oc_slimapi/selector.py:656-660
GET,/slimapi/permissions,directory_consumption_400,contract,none,NONE,none,0,NONE,v3:§5(宽容集)
GET,/slimapi/permissions,middleware_generic,actual,none,NONE,none,0,NONE,src/oc_slimapi/middleware/request_id.py|middleware/traffic_accounting.py
GET,/slimapi/permissions,middleware_generic,contract,none,NONE,none,0,NONE,src/oc_slimapi/middleware/request_id.py|middleware/traffic_accounting.py
GET,/slimapi/permissions,selector_version_400,actual,none,NONE,none,1,unsupported_version|invalid_version_selector,src/oc_slimapi/selector.py:549-636
GET,/slimapi/permissions,selector_version_400,contract,none,NONE,none,1,unsupported_version|invalid_version_selector,v3:§2|v4:§2
GET,/slimapi/questions,directory_consumption_400,actual,none,NONE,none,0,NONE,src/oc_slimapi/selector.py:656-660
GET,/slimapi/questions,directory_consumption_400,contract,none,NONE,none,0,NONE,v3:§5(宽容集)
GET,/slimapi/questions,middleware_generic,actual,none,NONE,none,0,NONE,src/oc_slimapi/middleware/request_id.py|middleware/traffic_accounting.py
GET,/slimapi/questions,middleware_generic,contract,none,NONE,none,0,NONE,src/oc_slimapi/middleware/request_id.py|middleware/traffic_accounting.py
GET,/slimapi/questions,selector_version_400,actual,none,NONE,none,1,unsupported_version|invalid_version_selector,src/oc_slimapi/selector.py:549-636
GET,/slimapi/questions,selector_version_400,contract,none,NONE,none,1,unsupported_version|invalid_version_selector,v3:§2|v4:§2
GET,/slimapi/ready,directory_consumption_400,actual,none,NONE,none,0,NONE,src/oc_slimapi/selector.py:656-660
GET,/slimapi/ready,directory_consumption_400,contract,none,NONE,none,0,NONE,v3:§5(宽容集)
GET,/slimapi/ready,middleware_generic,actual,none,NONE,none,0,NONE,src/oc_slimapi/middleware/request_id.py|middleware/traffic_accounting.py
GET,/slimapi/ready,middleware_generic,contract,none,NONE,none,0,NONE,src/oc_slimapi/middleware/request_id.py|middleware/traffic_accounting.py
GET,/slimapi/ready,selector_version_400,actual,none,NONE,none,1,unsupported_version|invalid_version_selector,src/oc_slimapi/selector.py:549-636
GET,/slimapi/ready,selector_version_400,contract,none,NONE,none,1,unsupported_version|invalid_version_selector,v3:§2|v4:§2
GET,/slimapi/session/{sid},directory_consumption_400,actual,none,NONE,none,1,invalid_directory_selector|directory_conflict|directory_header_retired,src/oc_slimapi/selector.py:641-704
GET,/slimapi/session/{sid},directory_consumption_400,contract,none,NONE,none,1,invalid_directory_selector|directory_conflict|directory_header_retired,v3:§5|v4:§5
GET,/slimapi/session/{sid},middleware_generic,actual,none,NONE,none,0,NONE,src/oc_slimapi/middleware/request_id.py|middleware/traffic_accounting.py
GET,/slimapi/session/{sid},middleware_generic,contract,none,NONE,none,0,NONE,src/oc_slimapi/middleware/request_id.py|middleware/traffic_accounting.py
GET,/slimapi/session/{sid},selector_version_400,actual,none,NONE,none,1,unsupported_version|invalid_version_selector,src/oc_slimapi/selector.py:549-636
GET,/slimapi/session/{sid},selector_version_400,contract,none,NONE,none,1,unsupported_version|invalid_version_selector,v3:§2|v4:§2
GET,/slimapi/session/{sid}/context,directory_consumption_400,actual,none,NONE,none,0,NONE,src/oc_slimapi/selector.py:656-660
GET,/slimapi/session/{sid}/context,directory_consumption_400,contract,none,NONE,none,0,NONE,v3:§5(宽容集)
GET,/slimapi/session/{sid}/context,middleware_generic,actual,none,NONE,none,0,NONE,src/oc_slimapi/middleware/request_id.py|middleware/traffic_accounting.py
GET,/slimapi/session/{sid}/context,middleware_generic,contract,none,NONE,none,0,NONE,src/oc_slimapi/middleware/request_id.py|middleware/traffic_accounting.py
GET,/slimapi/session/{sid}/context,selector_version_400,actual,none,NONE,none,1,unsupported_version|invalid_version_selector,src/oc_slimapi/selector.py:549-636
GET,/slimapi/session/{sid}/context,selector_version_400,contract,none,NONE,none,1,unsupported_version|invalid_version_selector,v3:§2|v4:§2
GET,/slimapi/sessions,directory_consumption_400,actual,none,NONE,none,1,invalid_directory_selector|directory_conflict|directory_header_retired,src/oc_slimapi/selector.py:641-704
GET,/slimapi/sessions,directory_consumption_400,contract,none,NONE,none,1,invalid_directory_selector|directory_conflict|directory_header_retired,v3:§5|v4:§5
GET,/slimapi/sessions,middleware_generic,actual,none,NONE,none,0,NONE,src/oc_slimapi/middleware/request_id.py|middleware/traffic_accounting.py
GET,/slimapi/sessions,middleware_generic,contract,none,NONE,none,0,NONE,src/oc_slimapi/middleware/request_id.py|middleware/traffic_accounting.py
GET,/slimapi/sessions,selector_version_400,actual,none,NONE,none,1,unsupported_version|invalid_version_selector,src/oc_slimapi/selector.py:549-636
GET,/slimapi/sessions,selector_version_400,contract,none,NONE,none,1,unsupported_version|invalid_version_selector,v3:§2|v4:§2
GET,/slimapi/sessions/status,directory_consumption_400,actual,none,NONE,none,1,invalid_directory_selector|directory_conflict|directory_header_retired,src/oc_slimapi/selector.py:641-704
GET,/slimapi/sessions/status,directory_consumption_400,contract,none,NONE,none,1,invalid_directory_selector|directory_conflict|directory_header_retired,v3:§5|v4:§5
GET,/slimapi/sessions/status,middleware_generic,actual,none,NONE,none,0,NONE,src/oc_slimapi/middleware/request_id.py|middleware/traffic_accounting.py
GET,/slimapi/sessions/status,middleware_generic,contract,none,NONE,none,0,NONE,src/oc_slimapi/middleware/request_id.py|middleware/traffic_accounting.py
GET,/slimapi/sessions/status,selector_version_400,actual,none,NONE,none,1,unsupported_version|invalid_version_selector,src/oc_slimapi/selector.py:549-636
GET,/slimapi/sessions/status,selector_version_400,contract,none,NONE,none,1,unsupported_version|invalid_version_selector,v3:§2|v4:§2
GET,/slimapi/sessions/{sid}/children,directory_consumption_400,actual,none,NONE,none,1,invalid_directory_selector|directory_conflict|directory_header_retired,src/oc_slimapi/selector.py:641-704
GET,/slimapi/sessions/{sid}/children,directory_consumption_400,contract,none,NONE,none,1,invalid_directory_selector|directory_conflict|directory_header_retired,v3:§5|v4:§5
GET,/slimapi/sessions/{sid}/children,middleware_generic,actual,none,NONE,none,0,NONE,src/oc_slimapi/middleware/request_id.py|middleware/traffic_accounting.py
GET,/slimapi/sessions/{sid}/children,middleware_generic,contract,none,NONE,none,0,NONE,src/oc_slimapi/middleware/request_id.py|middleware/traffic_accounting.py
GET,/slimapi/sessions/{sid}/children,selector_version_400,actual,none,NONE,none,1,unsupported_version|invalid_version_selector,src/oc_slimapi/selector.py:549-636
GET,/slimapi/sessions/{sid}/children,selector_version_400,contract,none,NONE,none,1,unsupported_version|invalid_version_selector,v3:§2|v4:§2
GET,/slimapi/sessions/{sid}/diff,directory_consumption_400,actual,none,NONE,none,1,invalid_directory_selector|directory_conflict|directory_header_retired,src/oc_slimapi/selector.py:641-704
GET,/slimapi/sessions/{sid}/diff,directory_consumption_400,contract,none,NONE,none,1,invalid_directory_selector|directory_conflict|directory_header_retired,v3:§5|v4:§5
GET,/slimapi/sessions/{sid}/diff,middleware_generic,actual,none,NONE,none,0,NONE,src/oc_slimapi/middleware/request_id.py|middleware/traffic_accounting.py
GET,/slimapi/sessions/{sid}/diff,middleware_generic,contract,none,NONE,none,0,NONE,src/oc_slimapi/middleware/request_id.py|middleware/traffic_accounting.py
GET,/slimapi/sessions/{sid}/diff,selector_version_400,actual,none,NONE,none,1,unsupported_version|invalid_version_selector,src/oc_slimapi/selector.py:549-636
GET,/slimapi/sessions/{sid}/diff,selector_version_400,contract,none,NONE,none,1,unsupported_version|invalid_version_selector,v3:§2|v4:§2
GET,/slimapi/sessions/{sid}/stream,directory_consumption_400,actual,none,NONE,none,1,invalid_directory_selector,src/oc_slimapi/selector.py:681|routes 层 directory_not_allowed(400)
GET,/slimapi/sessions/{sid}/stream,directory_consumption_400,contract,none,NONE,none,1,invalid_directory_selector,v3:§5|v4:§5
GET,/slimapi/sessions/{sid}/stream,middleware_generic,actual,none,NONE,none,0,NONE,src/oc_slimapi/middleware/request_id.py|middleware/traffic_accounting.py
GET,/slimapi/sessions/{sid}/stream,middleware_generic,contract,none,NONE,none,0,NONE,src/oc_slimapi/middleware/request_id.py|middleware/traffic_accounting.py
GET,/slimapi/sessions/{sid}/stream,selector_version_400,actual,none,NONE,none,1,unsupported_version|invalid_version_selector,src/oc_slimapi/selector.py:549-636
GET,/slimapi/sessions/{sid}/stream,selector_version_400,contract,none,NONE,none,1,unsupported_version|invalid_version_selector,v3:§2|v4:§2
GET,/slimapi/sessions/{sid}/stream,t3_admission_503,actual,none,NONE,none,1,sse_token_subscriber_limit|sse_token_handshake_overflow,"src/oc_slimapi/sse/tokenstream/subscriber.py:515-533,663-668|routes/token_stream.py:173-182"
GET,/slimapi/sessions/{sid}/stream,t3_admission_503,contract,none,NONE,none,1,sse_token_subscriber_limit|sse_token_handshake_overflow,v3:§7|v4:§7
GET,/slimapi/sessions/{sid}/todo,directory_consumption_400,actual,none,NONE,none,1,invalid_directory_selector|directory_conflict|directory_header_retired,src/oc_slimapi/selector.py:641-704
GET,/slimapi/sessions/{sid}/todo,directory_consumption_400,contract,none,NONE,none,1,invalid_directory_selector|directory_conflict|directory_header_retired,v3:§5|v4:§5
GET,/slimapi/sessions/{sid}/todo,middleware_generic,actual,none,NONE,none,0,NONE,src/oc_slimapi/middleware/request_id.py|middleware/traffic_accounting.py
GET,/slimapi/sessions/{sid}/todo,middleware_generic,contract,none,NONE,none,0,NONE,src/oc_slimapi/middleware/request_id.py|middleware/traffic_accounting.py
GET,/slimapi/sessions/{sid}/todo,selector_version_400,actual,none,NONE,none,1,unsupported_version|invalid_version_selector,src/oc_slimapi/selector.py:549-636
GET,/slimapi/sessions/{sid}/todo,selector_version_400,contract,none,NONE,none,1,unsupported_version|invalid_version_selector,v3:§2|v4:§2
GET,/slimapi/vcs,directory_consumption_400,actual,none,NONE,none,1,invalid_directory_selector|directory_conflict|directory_header_retired,src/oc_slimapi/selector.py:641-704
GET,/slimapi/vcs,directory_consumption_400,contract,none,NONE,none,1,invalid_directory_selector|directory_conflict|directory_header_retired,v3:§5|v4:§5
GET,/slimapi/vcs,middleware_generic,actual,none,NONE,none,0,NONE,src/oc_slimapi/middleware/request_id.py|middleware/traffic_accounting.py
GET,/slimapi/vcs,middleware_generic,contract,none,NONE,none,0,NONE,src/oc_slimapi/middleware/request_id.py|middleware/traffic_accounting.py
GET,/slimapi/vcs,selector_version_400,actual,none,NONE,none,1,unsupported_version|invalid_version_selector,src/oc_slimapi/selector.py:549-636
GET,/slimapi/vcs,selector_version_400,contract,none,NONE,none,1,unsupported_version|invalid_version_selector,v3:§2|v4:§2
GET,/slimapi/vcs/diff,directory_consumption_400,actual,none,NONE,none,1,invalid_directory_selector|directory_conflict|directory_header_retired,src/oc_slimapi/selector.py:641-704
GET,/slimapi/vcs/diff,directory_consumption_400,contract,none,NONE,none,1,invalid_directory_selector|directory_conflict|directory_header_retired,v3:§5|v4:§5
GET,/slimapi/vcs/diff,middleware_generic,actual,none,NONE,none,0,NONE,src/oc_slimapi/middleware/request_id.py|middleware/traffic_accounting.py
GET,/slimapi/vcs/diff,middleware_generic,contract,none,NONE,none,0,NONE,src/oc_slimapi/middleware/request_id.py|middleware/traffic_accounting.py
GET,/slimapi/vcs/diff,selector_version_400,actual,none,NONE,none,1,unsupported_version|invalid_version_selector,src/oc_slimapi/selector.py:549-636
GET,/slimapi/vcs/diff,selector_version_400,contract,none,NONE,none,1,unsupported_version|invalid_version_selector,v3:§2|v4:§2
GET,/slimapi/vcs/status,directory_consumption_400,actual,none,NONE,none,1,invalid_directory_selector|directory_conflict|directory_header_retired,src/oc_slimapi/selector.py:641-704
GET,/slimapi/vcs/status,directory_consumption_400,contract,none,NONE,none,1,invalid_directory_selector|directory_conflict|directory_header_retired,v3:§5|v4:§5
GET,/slimapi/vcs/status,middleware_generic,actual,none,NONE,none,0,NONE,src/oc_slimapi/middleware/request_id.py|middleware/traffic_accounting.py
GET,/slimapi/vcs/status,middleware_generic,contract,none,NONE,none,0,NONE,src/oc_slimapi/middleware/request_id.py|middleware/traffic_accounting.py
GET,/slimapi/vcs/status,selector_version_400,actual,none,NONE,none,1,unsupported_version|invalid_version_selector,src/oc_slimapi/selector.py:549-636
GET,/slimapi/vcs/status,selector_version_400,contract,none,NONE,none,1,unsupported_version|invalid_version_selector,v3:§2|v4:§2
GET,/slimapi/versions,directory_consumption_400,actual,none,NONE,none,0,NONE,src/oc_slimapi/selector.py:656-660
GET,/slimapi/versions,directory_consumption_400,contract,none,NONE,none,0,NONE,v3:§5(宽容集)
GET,/slimapi/versions,middleware_generic,actual,none,NONE,none,0,NONE,src/oc_slimapi/middleware/request_id.py|middleware/traffic_accounting.py
GET,/slimapi/versions,middleware_generic,contract,none,NONE,none,0,NONE,src/oc_slimapi/middleware/request_id.py|middleware/traffic_accounting.py
GET,/slimapi/versions,selector_version_400,actual,none,NONE,none,0,NONE,src/oc_slimapi/selector.py:549-636
GET,/slimapi/versions,selector_version_400,contract,none,NONE,none,0,NONE,v3:§2|v4:§2
PATCH,/slimapi/session/{session_id},directory_consumption_400,actual,none,NONE,none,1,invalid_directory_selector|directory_conflict|directory_header_retired,src/oc_slimapi/selector.py:641-704
PATCH,/slimapi/session/{session_id},directory_consumption_400,contract,none,NONE,none,1,invalid_directory_selector|directory_conflict|directory_header_retired,v3:§5|v4:§5
PATCH,/slimapi/session/{session_id},middleware_generic,actual,none,NONE,none,0,NONE,src/oc_slimapi/middleware/request_id.py|middleware/traffic_accounting.py
PATCH,/slimapi/session/{session_id},middleware_generic,contract,none,NONE,none,0,NONE,src/oc_slimapi/middleware/request_id.py|middleware/traffic_accounting.py
PATCH,/slimapi/session/{session_id},selector_version_400,actual,none,NONE,none,1,unsupported_version|invalid_version_selector,src/oc_slimapi/selector.py:549-636
PATCH,/slimapi/session/{session_id},selector_version_400,contract,none,NONE,none,1,unsupported_version|invalid_version_selector,v3:§2|v4:§2
POST,/slimapi/actions/{name},directory_consumption_400,actual,none,NONE,none,0,NONE,src/oc_slimapi/selector.py:656-660
POST,/slimapi/actions/{name},directory_consumption_400,contract,none,NONE,none,0,NONE,v3:§5(宽容集)
POST,/slimapi/actions/{name},middleware_generic,actual,none,NONE,none,0,NONE,src/oc_slimapi/middleware/request_id.py|middleware/traffic_accounting.py
POST,/slimapi/actions/{name},middleware_generic,contract,none,NONE,none,0,NONE,src/oc_slimapi/middleware/request_id.py|middleware/traffic_accounting.py
POST,/slimapi/actions/{name},selector_version_400,actual,none,NONE,none,1,unsupported_version|invalid_version_selector,src/oc_slimapi/selector.py:549-636
POST,/slimapi/actions/{name},selector_version_400,contract,none,NONE,none,1,unsupported_version|invalid_version_selector,v3:§2|v4:§2
POST,/slimapi/question/{request_id}/reject,directory_consumption_400,actual,none,NONE,none,1,invalid_directory_selector|directory_conflict|directory_header_retired,src/oc_slimapi/selector.py:641-704
POST,/slimapi/question/{request_id}/reject,directory_consumption_400,contract,none,NONE,none,1,invalid_directory_selector|directory_conflict|directory_header_retired,v3:§5|v4:§5
POST,/slimapi/question/{request_id}/reject,middleware_generic,actual,none,NONE,none,0,NONE,src/oc_slimapi/middleware/request_id.py|middleware/traffic_accounting.py
POST,/slimapi/question/{request_id}/reject,middleware_generic,contract,none,NONE,none,0,NONE,src/oc_slimapi/middleware/request_id.py|middleware/traffic_accounting.py
POST,/slimapi/question/{request_id}/reject,selector_version_400,actual,none,NONE,none,1,unsupported_version|invalid_version_selector,src/oc_slimapi/selector.py:549-636
POST,/slimapi/question/{request_id}/reject,selector_version_400,contract,none,NONE,none,1,unsupported_version|invalid_version_selector,v3:§2|v4:§2
POST,/slimapi/question/{request_id}/reply,directory_consumption_400,actual,none,NONE,none,1,invalid_directory_selector|directory_conflict|directory_header_retired,src/oc_slimapi/selector.py:641-704
POST,/slimapi/question/{request_id}/reply,directory_consumption_400,contract,none,NONE,none,1,invalid_directory_selector|directory_conflict|directory_header_retired,v3:§5|v4:§5
POST,/slimapi/question/{request_id}/reply,middleware_generic,actual,none,NONE,none,0,NONE,src/oc_slimapi/middleware/request_id.py|middleware/traffic_accounting.py
POST,/slimapi/question/{request_id}/reply,middleware_generic,contract,none,NONE,none,0,NONE,src/oc_slimapi/middleware/request_id.py|middleware/traffic_accounting.py
POST,/slimapi/question/{request_id}/reply,selector_version_400,actual,none,NONE,none,1,unsupported_version|invalid_version_selector,src/oc_slimapi/selector.py:549-636
POST,/slimapi/question/{request_id}/reply,selector_version_400,contract,none,NONE,none,1,unsupported_version|invalid_version_selector,v3:§2|v4:§2
POST,/slimapi/session,directory_consumption_400,actual,none,NONE,none,1,invalid_directory_selector|directory_conflict|directory_header_retired,src/oc_slimapi/selector.py:641-704
POST,/slimapi/session,directory_consumption_400,contract,none,NONE,none,1,invalid_directory_selector|directory_conflict|directory_header_retired,v3:§5|v4:§5
POST,/slimapi/session,middleware_generic,actual,none,NONE,none,0,NONE,src/oc_slimapi/middleware/request_id.py|middleware/traffic_accounting.py
POST,/slimapi/session,middleware_generic,contract,none,NONE,none,0,NONE,src/oc_slimapi/middleware/request_id.py|middleware/traffic_accounting.py
POST,/slimapi/session,selector_version_400,actual,none,NONE,none,1,unsupported_version|invalid_version_selector,src/oc_slimapi/selector.py:549-636
POST,/slimapi/session,selector_version_400,contract,none,NONE,none,1,unsupported_version|invalid_version_selector,v3:§2|v4:§2
POST,/slimapi/session/{session_id},directory_consumption_400,actual,none,NONE,none,1,invalid_directory_selector|directory_conflict|directory_header_retired,src/oc_slimapi/selector.py:641-704
POST,/slimapi/session/{session_id},directory_consumption_400,contract,none,NONE,none,1,invalid_directory_selector|directory_conflict|directory_header_retired,v3:§5|v4:§5
POST,/slimapi/session/{session_id},method_boundary_405,actual,v4,session.post-actions.v4,on,0,NONE,src/oc_slimapi/selector.py:257-266(现行 satisfied)
POST,/slimapi/session/{session_id},method_boundary_405,contract,v4,session.post-actions.v4,off,1,method_not_applicable,v4:§16.1|§16.3
POST,/slimapi/session/{session_id},method_boundary_405,contract,v4,session.post-actions.v4,on,0,NONE,v4:§16.2
POST,/slimapi/session/{session_id},middleware_generic,actual,none,NONE,none,0,NONE,src/oc_slimapi/middleware/request_id.py|middleware/traffic_accounting.py
POST,/slimapi/session/{session_id},middleware_generic,contract,none,NONE,none,0,NONE,src/oc_slimapi/middleware/request_id.py|middleware/traffic_accounting.py
POST,/slimapi/session/{session_id},selector_version_400,actual,none,NONE,none,1,unsupported_version|invalid_version_selector,src/oc_slimapi/selector.py:549-636
POST,/slimapi/session/{session_id},selector_version_400,contract,none,NONE,none,1,unsupported_version|invalid_version_selector,v3:§2|v4:§2
POST,/slimapi/session/{session_id}/abort,directory_consumption_400,actual,none,NONE,none,1,invalid_directory_selector|directory_conflict|directory_header_retired,src/oc_slimapi/selector.py:641-704
POST,/slimapi/session/{session_id}/abort,directory_consumption_400,contract,none,NONE,none,1,invalid_directory_selector|directory_conflict|directory_header_retired,v3:§5|v4:§5
POST,/slimapi/session/{session_id}/abort,middleware_generic,actual,none,NONE,none,0,NONE,src/oc_slimapi/middleware/request_id.py|middleware/traffic_accounting.py
POST,/slimapi/session/{session_id}/abort,middleware_generic,contract,none,NONE,none,0,NONE,src/oc_slimapi/middleware/request_id.py|middleware/traffic_accounting.py
POST,/slimapi/session/{session_id}/abort,selector_version_400,actual,none,NONE,none,1,unsupported_version|invalid_version_selector,src/oc_slimapi/selector.py:549-636
POST,/slimapi/session/{session_id}/abort,selector_version_400,contract,none,NONE,none,1,unsupported_version|invalid_version_selector,v3:§2|v4:§2
POST,/slimapi/session/{session_id}/agent,directory_consumption_400,actual,none,NONE,none,0,NONE,src/oc_slimapi/selector.py:656-660
POST,/slimapi/session/{session_id}/agent,directory_consumption_400,contract,none,NONE,none,0,NONE,v3:§5(宽容集)
POST,/slimapi/session/{session_id}/agent,middleware_generic,actual,none,NONE,none,0,NONE,src/oc_slimapi/middleware/request_id.py|middleware/traffic_accounting.py
POST,/slimapi/session/{session_id}/agent,middleware_generic,contract,none,NONE,none,0,NONE,src/oc_slimapi/middleware/request_id.py|middleware/traffic_accounting.py
POST,/slimapi/session/{session_id}/agent,selector_version_400,actual,none,NONE,none,1,unsupported_version|invalid_version_selector,src/oc_slimapi/selector.py:549-636
POST,/slimapi/session/{session_id}/agent,selector_version_400,contract,none,NONE,none,1,unsupported_version|invalid_version_selector,v3:§2|v4:§2
POST,/slimapi/session/{session_id}/archive,directory_consumption_400,actual,none,NONE,none,1,invalid_directory_selector|directory_conflict|directory_header_retired,src/oc_slimapi/selector.py:641-704
POST,/slimapi/session/{session_id}/archive,directory_consumption_400,contract,none,NONE,none,1,invalid_directory_selector|directory_conflict|directory_header_retired,v3:§5|v4:§5
POST,/slimapi/session/{session_id}/archive,method_boundary_405,actual,v4,session.post-actions.v4,on,0,NONE,src/oc_slimapi/selector.py:257-266(现行 satisfied)
POST,/slimapi/session/{session_id}/archive,method_boundary_405,contract,v4,session.post-actions.v4,off,1,method_not_applicable,v4:§16.1|§16.3
POST,/slimapi/session/{session_id}/archive,method_boundary_405,contract,v4,session.post-actions.v4,on,0,NONE,v4:§16.2
POST,/slimapi/session/{session_id}/archive,middleware_generic,actual,none,NONE,none,0,NONE,src/oc_slimapi/middleware/request_id.py|middleware/traffic_accounting.py
POST,/slimapi/session/{session_id}/archive,middleware_generic,contract,none,NONE,none,0,NONE,src/oc_slimapi/middleware/request_id.py|middleware/traffic_accounting.py
POST,/slimapi/session/{session_id}/archive,selector_version_400,actual,none,NONE,none,1,unsupported_version|invalid_version_selector,src/oc_slimapi/selector.py:549-636
POST,/slimapi/session/{session_id}/archive,selector_version_400,contract,none,NONE,none,1,unsupported_version|invalid_version_selector,v3:§2|v4:§2
POST,/slimapi/session/{session_id}/command,directory_consumption_400,actual,none,NONE,none,1,invalid_directory_selector|directory_conflict|directory_header_retired,src/oc_slimapi/selector.py:641-704
POST,/slimapi/session/{session_id}/command,directory_consumption_400,contract,none,NONE,none,1,invalid_directory_selector|directory_conflict|directory_header_retired,v3:§5|v4:§5
POST,/slimapi/session/{session_id}/command,middleware_generic,actual,none,NONE,none,0,NONE,src/oc_slimapi/middleware/request_id.py|middleware/traffic_accounting.py
POST,/slimapi/session/{session_id}/command,middleware_generic,contract,none,NONE,none,0,NONE,src/oc_slimapi/middleware/request_id.py|middleware/traffic_accounting.py
POST,/slimapi/session/{session_id}/command,selector_version_400,actual,none,NONE,none,1,unsupported_version|invalid_version_selector,src/oc_slimapi/selector.py:549-636
POST,/slimapi/session/{session_id}/command,selector_version_400,contract,none,NONE,none,1,unsupported_version|invalid_version_selector,v3:§2|v4:§2
POST,/slimapi/session/{session_id}/delete,directory_consumption_400,actual,none,NONE,none,1,invalid_directory_selector|directory_conflict|directory_header_retired,src/oc_slimapi/selector.py:641-704
POST,/slimapi/session/{session_id}/delete,directory_consumption_400,contract,none,NONE,none,1,invalid_directory_selector|directory_conflict|directory_header_retired,v3:§5|v4:§5
POST,/slimapi/session/{session_id}/delete,method_boundary_405,actual,v4,session.post-actions.v4,on,0,NONE,src/oc_slimapi/selector.py:257-266(现行 satisfied)
POST,/slimapi/session/{session_id}/delete,method_boundary_405,contract,v4,session.post-actions.v4,off,1,method_not_applicable,v4:§16.1|§16.3
POST,/slimapi/session/{session_id}/delete,method_boundary_405,contract,v4,session.post-actions.v4,on,0,NONE,v4:§16.2
POST,/slimapi/session/{session_id}/delete,middleware_generic,actual,none,NONE,none,0,NONE,src/oc_slimapi/middleware/request_id.py|middleware/traffic_accounting.py
POST,/slimapi/session/{session_id}/delete,middleware_generic,contract,none,NONE,none,0,NONE,src/oc_slimapi/middleware/request_id.py|middleware/traffic_accounting.py
POST,/slimapi/session/{session_id}/delete,selector_version_400,actual,none,NONE,none,1,unsupported_version|invalid_version_selector,src/oc_slimapi/selector.py:549-636
POST,/slimapi/session/{session_id}/delete,selector_version_400,contract,none,NONE,none,1,unsupported_version|invalid_version_selector,v3:§2|v4:§2
POST,/slimapi/session/{session_id}/fork,directory_consumption_400,actual,none,NONE,none,1,invalid_directory_selector|directory_conflict|directory_header_retired,src/oc_slimapi/selector.py:641-704
POST,/slimapi/session/{session_id}/fork,directory_consumption_400,contract,none,NONE,none,1,invalid_directory_selector|directory_conflict|directory_header_retired,v3:§5|v4:§5
POST,/slimapi/session/{session_id}/fork,middleware_generic,actual,none,NONE,none,0,NONE,src/oc_slimapi/middleware/request_id.py|middleware/traffic_accounting.py
POST,/slimapi/session/{session_id}/fork,middleware_generic,contract,none,NONE,none,0,NONE,src/oc_slimapi/middleware/request_id.py|middleware/traffic_accounting.py
POST,/slimapi/session/{session_id}/fork,selector_version_400,actual,none,NONE,none,1,unsupported_version|invalid_version_selector,src/oc_slimapi/selector.py:549-636
POST,/slimapi/session/{session_id}/fork,selector_version_400,contract,none,NONE,none,1,unsupported_version|invalid_version_selector,v3:§2|v4:§2
POST,/slimapi/session/{session_id}/model,directory_consumption_400,actual,none,NONE,none,0,NONE,src/oc_slimapi/selector.py:656-660
POST,/slimapi/session/{session_id}/model,directory_consumption_400,contract,none,NONE,none,0,NONE,v3:§5(宽容集)
POST,/slimapi/session/{session_id}/model,middleware_generic,actual,none,NONE,none,0,NONE,src/oc_slimapi/middleware/request_id.py|middleware/traffic_accounting.py
POST,/slimapi/session/{session_id}/model,middleware_generic,contract,none,NONE,none,0,NONE,src/oc_slimapi/middleware/request_id.py|middleware/traffic_accounting.py
POST,/slimapi/session/{session_id}/model,selector_version_400,actual,none,NONE,none,1,unsupported_version|invalid_version_selector,src/oc_slimapi/selector.py:549-636
POST,/slimapi/session/{session_id}/model,selector_version_400,contract,none,NONE,none,1,unsupported_version|invalid_version_selector,v3:§2|v4:§2
POST,/slimapi/session/{session_id}/permissions/{permission_id},directory_consumption_400,actual,none,NONE,none,1,invalid_directory_selector|directory_conflict|directory_header_retired,src/oc_slimapi/selector.py:641-704
POST,/slimapi/session/{session_id}/permissions/{permission_id},directory_consumption_400,contract,none,NONE,none,1,invalid_directory_selector|directory_conflict|directory_header_retired,v3:§5|v4:§5
POST,/slimapi/session/{session_id}/permissions/{permission_id},middleware_generic,actual,none,NONE,none,0,NONE,src/oc_slimapi/middleware/request_id.py|middleware/traffic_accounting.py
POST,/slimapi/session/{session_id}/permissions/{permission_id},middleware_generic,contract,none,NONE,none,0,NONE,src/oc_slimapi/middleware/request_id.py|middleware/traffic_accounting.py
POST,/slimapi/session/{session_id}/permissions/{permission_id},selector_version_400,actual,none,NONE,none,1,unsupported_version|invalid_version_selector,src/oc_slimapi/selector.py:549-636
POST,/slimapi/session/{session_id}/permissions/{permission_id},selector_version_400,contract,none,NONE,none,1,unsupported_version|invalid_version_selector,v3:§2|v4:§2
POST,/slimapi/session/{session_id}/prompt_async,directory_consumption_400,actual,none,NONE,none,1,invalid_directory_selector|directory_conflict|directory_header_retired,src/oc_slimapi/selector.py:641-704
POST,/slimapi/session/{session_id}/prompt_async,directory_consumption_400,contract,none,NONE,none,1,invalid_directory_selector|directory_conflict|directory_header_retired,v3:§5|v4:§5
POST,/slimapi/session/{session_id}/prompt_async,middleware_generic,actual,none,NONE,none,0,NONE,src/oc_slimapi/middleware/request_id.py|middleware/traffic_accounting.py
POST,/slimapi/session/{session_id}/prompt_async,middleware_generic,contract,none,NONE,none,0,NONE,src/oc_slimapi/middleware/request_id.py|middleware/traffic_accounting.py
POST,/slimapi/session/{session_id}/prompt_async,selector_version_400,actual,none,NONE,none,1,unsupported_version|invalid_version_selector,src/oc_slimapi/selector.py:549-636
POST,/slimapi/session/{session_id}/prompt_async,selector_version_400,contract,none,NONE,none,1,unsupported_version|invalid_version_selector,v3:§2|v4:§2
POST,/slimapi/session/{session_id}/revert,directory_consumption_400,actual,none,NONE,none,1,invalid_directory_selector|directory_conflict|directory_header_retired,src/oc_slimapi/selector.py:641-704
POST,/slimapi/session/{session_id}/revert,directory_consumption_400,contract,none,NONE,none,1,invalid_directory_selector|directory_conflict|directory_header_retired,v3:§5|v4:§5
POST,/slimapi/session/{session_id}/revert,middleware_generic,actual,none,NONE,none,0,NONE,src/oc_slimapi/middleware/request_id.py|middleware/traffic_accounting.py
POST,/slimapi/session/{session_id}/revert,middleware_generic,contract,none,NONE,none,0,NONE,src/oc_slimapi/middleware/request_id.py|middleware/traffic_accounting.py
POST,/slimapi/session/{session_id}/revert,selector_version_400,actual,none,NONE,none,1,unsupported_version|invalid_version_selector,src/oc_slimapi/selector.py:549-636
POST,/slimapi/session/{session_id}/revert,selector_version_400,contract,none,NONE,none,1,unsupported_version|invalid_version_selector,v3:§2|v4:§2
POST,/slimapi/session/{session_id}/revert/clear,directory_consumption_400,actual,none,NONE,none,0,NONE,src/oc_slimapi/selector.py:656-660
POST,/slimapi/session/{session_id}/revert/clear,directory_consumption_400,contract,none,NONE,none,0,NONE,v3:§5(宽容集)
POST,/slimapi/session/{session_id}/revert/clear,middleware_generic,actual,none,NONE,none,0,NONE,src/oc_slimapi/middleware/request_id.py|middleware/traffic_accounting.py
POST,/slimapi/session/{session_id}/revert/clear,middleware_generic,contract,none,NONE,none,0,NONE,src/oc_slimapi/middleware/request_id.py|middleware/traffic_accounting.py
POST,/slimapi/session/{session_id}/revert/clear,selector_version_400,actual,none,NONE,none,1,unsupported_version|invalid_version_selector,src/oc_slimapi/selector.py:549-636
POST,/slimapi/session/{session_id}/revert/clear,selector_version_400,contract,none,NONE,none,1,unsupported_version|invalid_version_selector,v3:§2|v4:§2
POST,/slimapi/session/{session_id}/revert/commit,directory_consumption_400,actual,none,NONE,none,0,NONE,src/oc_slimapi/selector.py:656-660
POST,/slimapi/session/{session_id}/revert/commit,directory_consumption_400,contract,none,NONE,none,0,NONE,v3:§5(宽容集)
POST,/slimapi/session/{session_id}/revert/commit,middleware_generic,actual,none,NONE,none,0,NONE,src/oc_slimapi/middleware/request_id.py|middleware/traffic_accounting.py
POST,/slimapi/session/{session_id}/revert/commit,middleware_generic,contract,none,NONE,none,0,NONE,src/oc_slimapi/middleware/request_id.py|middleware/traffic_accounting.py
POST,/slimapi/session/{session_id}/revert/commit,selector_version_400,actual,none,NONE,none,1,unsupported_version|invalid_version_selector,src/oc_slimapi/selector.py:549-636
POST,/slimapi/session/{session_id}/revert/commit,selector_version_400,contract,none,NONE,none,1,unsupported_version|invalid_version_selector,v3:§2|v4:§2
POST,/slimapi/session/{session_id}/revert/stage,directory_consumption_400,actual,none,NONE,none,0,NONE,src/oc_slimapi/selector.py:656-660
POST,/slimapi/session/{session_id}/revert/stage,directory_consumption_400,contract,none,NONE,none,0,NONE,v3:§5(宽容集)
POST,/slimapi/session/{session_id}/revert/stage,middleware_generic,actual,none,NONE,none,0,NONE,src/oc_slimapi/middleware/request_id.py|middleware/traffic_accounting.py
POST,/slimapi/session/{session_id}/revert/stage,middleware_generic,contract,none,NONE,none,0,NONE,src/oc_slimapi/middleware/request_id.py|middleware/traffic_accounting.py
POST,/slimapi/session/{session_id}/revert/stage,selector_version_400,actual,none,NONE,none,1,unsupported_version|invalid_version_selector,src/oc_slimapi/selector.py:549-636
POST,/slimapi/session/{session_id}/revert/stage,selector_version_400,contract,none,NONE,none,1,unsupported_version|invalid_version_selector,v3:§2|v4:§2
POST,/slimapi/session/{session_id}/summarize,directory_consumption_400,actual,none,NONE,none,1,invalid_directory_selector|directory_conflict|directory_header_retired,src/oc_slimapi/selector.py:641-704
POST,/slimapi/session/{session_id}/summarize,directory_consumption_400,contract,none,NONE,none,1,invalid_directory_selector|directory_conflict|directory_header_retired,v3:§5|v4:§5
POST,/slimapi/session/{session_id}/summarize,middleware_generic,actual,none,NONE,none,0,NONE,src/oc_slimapi/middleware/request_id.py|middleware/traffic_accounting.py
POST,/slimapi/session/{session_id}/summarize,middleware_generic,contract,none,NONE,none,0,NONE,src/oc_slimapi/middleware/request_id.py|middleware/traffic_accounting.py
POST,/slimapi/session/{session_id}/summarize,selector_version_400,actual,none,NONE,none,1,unsupported_version|invalid_version_selector,src/oc_slimapi/selector.py:549-636
POST,/slimapi/session/{session_id}/summarize,selector_version_400,contract,none,NONE,none,1,unsupported_version|invalid_version_selector,v3:§2|v4:§2
